27b252ad-33ff-443b-9b9d-304fc553586b,300,test event final,test event,test token final,test token,testing 123,2021-02-10 10:24:48.100
42ed1579-5849-45f5-8b1f-c8a7e8494a2b,150,test event 6,test event 66,test token 6,test token 66,test6,2020-12-20 13:24:48.030
aa32dd0b-a5c8-4528-b9c2-c8d40775de44,60,test event 11,test event 22,test token 11,test token 22,testing,2020-12-22 13:24:50.000
4e362942-7cc8-4e2b-9580-1eb101adb5e1,450,test event final,test event,test token,test token,testing,2021-01-01 22:24:48.800
70a16f67-9c56-4f90-a76a-bb0e72cc37e3,250,test event final,test event,test token,test token,testing,2021-01-01 08:24:51.000
dcea61ac-3317-4f54-b508-1246dfa684c1,585,test event final,test event,test token,test token,testing,2021-01-01 22:24:48.060
d9532499-9a30-4c04-827f-a11920689460,190,test event final,test event,test token,test token,testing,2021-02-12 10:24:50.000
70e70f9a-8506-4926-bb31-bfb5d370e5da,550,test event,test event,test token,test token,test,2020-12-21 13:24:48.010
83f00ce7-19e6-4bd4-9de4-18b34c4b4ea9,80,test event final,test event,test token,test token,testing,2020-12-31 13:24:48.200
e8ca7ee1-4d68-4950-8434-c015d85f7d6e,660,test event final,test event,test token,test token,testing,2021-01-05 14:24:48.130
